[{"model": "users.user", "pk": 1, "fields": {"password": "pbkdf2_sha256$600000$wiOIlfu1OyNSg4pzezjrYb$LXEW7hjOVZs5YKxhIyuFYMQGdpAdOJW06P+9gAHDLwA=", "last_login": "2023-08-17T20:25:35.885Z", "is_superuser": true, "username": "niko", "first_name": "Niko", "last_name": "Gordienko", "email": "", "is_staff": true, "is_active": true, "date_joined": "2023-07-08T09:55:23.684Z", "groups": [], "user_permissions": []}}, {"model": "users.user", "pk": 16, "fields": {"password": "pbkdf2_sha256$390000$g7uF0gYD3QZHX2P81zw2q8$lD7REbwu06fSWHPCu98dg8G/o0SaRlBZWZZQk/nBEIk=", "last_login": "2023-07-09T10:46:38.953Z", "is_superuser": false, "username": "SuperMario", "first_name": "Mario", "last_name": "Super", "email": "", "is_staff": false, "is_active": true, "date_joined": "2023-07-09T10:46:08.396Z", "groups": [], "user_permissions": []}}, {"model": "admin.logentry", "pk": 1, "fields": {"action_time": "2023-07-14T22:49:52.692Z", "user": 1, "content_type": 1, "object_id": "13", "object_repr": "wildling", "action_flag": 3, "change_message": ""}}, {"model": "admin.logentry", "pk": 2, "fields": {"action_time": "2023-07-14T22:49:52.763Z", "user": 1, "content_type": 1, "object_id": "12", "object_repr": "kingslayer2", "action_flag": 3, "change_message": ""}}, {"model": "admin.logentry", "pk": 3, "fields": {"action_time": "2023-07-14T22:49:52.829Z", "user": 1, "content_type": 1, "object_id": "11", "object_repr": "ironborn", "action_flag": 3, "change_message": ""}}, {"model": "admin.logentry", "pk": 4, "fields": {"action_time": "2023-07-14T22:49:52.896Z", "user": 1, "content_type": 1, "object_id": "10", "object_repr": "threeeyedraven", "action_flag": 3, "change_message": ""}}, {"model": "admin.logentry", "pk": 5, "fields": {"action_time": "2023-07-14T22:49:52.962Z", "user": 1, "content_type": 1, "object_id": "9", "object_repr": "redwitch", "action_flag": 3, "change_message": ""}}, {"model": "admin.logentry", "pk": 6, "fields": {"action_time": "2023-07-14T22:49:53.073Z", "user": 1, "content_type": 1, "object_id": "8", "object_repr": "gildedknight", "action_flag": 3, "change_message": ""}}, {"model": "admin.logentry", "pk": 7, "fields": {"action_time": "2023-07-14T22:49:53.161Z", "user": 1, "content_type": 1, "object_id": "7", "object_repr": "ladyofsnow", "action_flag": 3, "change_message": ""}}, {"model": "admin.logentry", "pk": 8, "fields": {"action_time": "2023-07-14T22:49:53.317Z", "user": 1, "content_type": 1, "object_id": "6", "object_repr": "goldenlioness", "action_flag": 3, "change_message": ""}}, {"model": "admin.logentry", "pk": 9, "fields": {"action_time": "2023-07-14T22:49:53.405Z", "user": 1, "content_type": 1, "object_id": "5", "object_repr": "witandwine", "action_flag": 3, "change_message": ""}}, {"model": "admin.logentry", "pk": 10, "fields": {"action_time": "2023-07-14T22:49:53.493Z", "user": 1, "content_type": 1, "object_id": "4", "object_repr": "dragonqueen", "action_flag": 3, "change_message": ""}}, {"model": "admin.logentry", "pk": 11, "fields": {"action_time": "2023-07-14T22:49:53.571Z", "user": 1, "content_type": 1, "object_id": "3", "object_repr": "longclaw", "action_flag": 3, "change_message": ""}}, {"model": "admin.logentry", "pk": 12, "fields": {"action_time": "2023-07-14T22:49:53.648Z", "user": 1, "content_type": 1, "object_id": "2", "object_repr": "shadowcat", "action_flag": 3, "change_message": ""}}, {"model": "admin.logentry", "pk": 13, "fields": {"action_time": "2023-07-31T21:03:32.392Z", "user": 1, "content_type": 8, "object_id": "25", "object_repr": "Task object (25)", "action_flag": 2, "change_message": "[{\"changed\": {\"fields\": [\"Author\"]}}]"}}, {"model": "admin.logentry", "pk": 14, "fields": {"action_time": "2023-07-31T21:03:49.057Z", "user": 1, "content_type": 8, "object_id": "8", "object_repr": "Task object (8)", "action_flag": 2, "change_message": "[{\"changed\": {\"fields\": [\"Author\"]}}]"}}, {"model": "admin.logentry", "pk": 15, "fields": {"action_time": "2023-07-31T21:03:58.378Z", "user": 1, "content_type": 8, "object_id": "30", "object_repr": "Task object (30)", "action_flag": 2, "change_message": "[{\"changed\": {\"fields\": [\"Author\"]}}]"}}, {"model": "admin.logentry", "pk": 16, "fields": {"action_time": "2023-07-31T21:04:07.656Z", "user": 1, "content_type": 8, "object_id": "2", "object_repr": "Task object (2)", "action_flag": 2, "change_message": "[{\"changed\": {\"fields\": [\"Author\"]}}]"}}, {"model": "admin.logentry", "pk": 17, "fields": {"action_time": "2023-07-31T21:04:17.391Z", "user": 1, "content_type": 8, "object_id": "27", "object_repr": "Task object (27)", "action_flag": 2, "change_message": "[{\"changed\": {\"fields\": [\"Author\"]}}]"}}, {"model": "admin.logentry", "pk": 18, "fields": {"action_time": "2023-07-31T21:04:24.821Z", "user": 1, "content_type": 8, "object_id": "4", "object_repr": "Task object (4)", "action_flag": 2, "change_message": "[{\"changed\": {\"fields\": [\"Author\"]}}]"}}, {"model": "auth.permission", "pk": 1, "fields": {"name": "Can add user", "content_type": 1, "codename": "add_user"}}, {"model": "auth.permission", "pk": 2, "fields": {"name": "Can change user", "content_type": 1, "codename": "change_user"}}, {"model": "auth.permission", "pk": 3, "fields": {"name": "Can delete user", "content_type": 1, "codename": "delete_user"}}, {"model": "auth.permission", "pk": 4, "fields": {"name": "Can view user", "content_type": 1, "codename": "view_user"}}, {"model": "auth.permission", "pk": 5, "fields": {"name": "Can add status", "content_type": 2, "codename": "add_status"}}, {"model": "auth.permission", "pk": 6, "fields": {"name": "Can change status", "content_type": 2, "codename": "change_status"}}, {"model": "auth.permission", "pk": 7, "fields": {"name": "Can delete status", "content_type": 2, "codename": "delete_status"}}, {"model": "auth.permission", "pk": 8, "fields": {"name": "Can view status", "content_type": 2, "codename": "view_status"}}, {"model": "auth.permission", "pk": 9, "fields": {"name": "Can add log entry", "content_type": 3, "codename": "add_logentry"}}, {"model": "auth.permission", "pk": 10, "fields": {"name": "Can change log entry", "content_type": 3, "codename": "change_logentry"}}, {"model": "auth.permission", "pk": 11, "fields": {"name": "Can delete log entry", "content_type": 3, "codename": "delete_logentry"}}, {"model": "auth.permission", "pk": 12, "fields": {"name": "Can view log entry", "content_type": 3, "codename": "view_logentry"}}, {"model": "auth.permission", "pk": 13, "fields": {"name": "Can add permission", "content_type": 4, "codename": "add_permission"}}, {"model": "auth.permission", "pk": 14, "fields": {"name": "Can change permission", "content_type": 4, "codename": "change_permission"}}, {"model": "auth.permission", "pk": 15, "fields": {"name": "Can delete permission", "content_type": 4, "codename": "delete_permission"}}, {"model": "auth.permission", "pk": 16, "fields": {"name": "Can view permission", "content_type": 4, "codename": "view_permission"}}, {"model": "auth.permission", "pk": 17, "fields": {"name": "Can add group", "content_type": 5, "codename": "add_group"}}, {"model": "auth.permission", "pk": 18, "fields": {"name": "Can change group", "content_type": 5, "codename": "change_group"}}, {"model": "auth.permission", "pk": 19, "fields": {"name": "Can delete group", "content_type": 5, "codename": "delete_group"}}, {"model": "auth.permission", "pk": 20, "fields": {"name": "Can view group", "content_type": 5, "codename": "view_group"}}, {"model": "auth.permission", "pk": 21, "fields": {"name": "Can add content type", "content_type": 6, "codename": "add_contenttype"}}, {"model": "auth.permission", "pk": 22, "fields": {"name": "Can change content type", "content_type": 6, "codename": "change_contenttype"}}, {"model": "auth.permission", "pk": 23, "fields": {"name": "Can delete content type", "content_type": 6, "codename": "delete_contenttype"}}, {"model": "auth.permission", "pk": 24, "fields": {"name": "Can view content type", "content_type": 6, "codename": "view_contenttype"}}, {"model": "auth.permission", "pk": 25, "fields": {"name": "Can add session", "content_type": 7, "codename": "add_session"}}, {"model": "auth.permission", "pk": 26, "fields": {"name": "Can change session", "content_type": 7, "codename": "change_session"}}, {"model": "auth.permission", "pk": 27, "fields": {"name": "Can delete session", "content_type": 7, "codename": "delete_session"}}, {"model": "auth.permission", "pk": 28, "fields": {"name": "Can view session", "content_type": 7, "codename": "view_session"}}, {"model": "auth.permission", "pk": 29, "fields": {"name": "Can add task", "content_type": 8, "codename": "add_task"}}, {"model": "auth.permission", "pk": 30, "fields": {"name": "Can change task", "content_type": 8, "codename": "change_task"}}, {"model": "auth.permission", "pk": 31, "fields": {"name": "Can delete task", "content_type": 8, "codename": "delete_task"}}, {"model": "auth.permission", "pk": 32, "fields": {"name": "Can view task", "content_type": 8, "codename": "view_task"}}, {"model": "auth.permission", "pk": 33, "fields": {"name": "Can add label", "content_type": 9, "codename": "add_label"}}, {"model": "auth.permission", "pk": 34, "fields": {"name": "Can change label", "content_type": 9, "codename": "change_label"}}, {"model": "auth.permission", "pk": 35, "fields": {"name": "Can delete label", "content_type": 9, "codename": "delete_label"}}, {"model": "auth.permission", "pk": 36, "fields": {"name": "Can view label", "content_type": 9, "codename": "view_label"}}, {"model": "auth.permission", "pk": 37, "fields": {"name": "Can add project", "content_type": 10, "codename": "add_project"}}, {"model": "auth.permission", "pk": 38, "fields": {"name": "Can change project", "content_type": 10, "codename": "change_project"}}, {"model": "auth.permission", "pk": 39, "fields": {"name": "Can delete project", "content_type": 10, "codename": "delete_project"}}, {"model": "auth.permission", "pk": 40, "fields": {"name": "Can view project", "content_type": 10, "codename": "view_project"}}, {"model": "contenttypes.contenttype", "pk": 1, "fields": {"app_label": "users", "model": "user"}}, {"model": "contenttypes.contenttype", "pk": 2, "fields": {"app_label": "statuses", "model": "status"}}, {"model": "contenttypes.contenttype", "pk": 3, "fields": {"app_label": "admin", "model": "logentry"}}, {"model": "contenttypes.contenttype", "pk": 4, "fields": {"app_label": "auth", "model": "permission"}}, {"model": "contenttypes.contenttype", "pk": 5, "fields": {"app_label": "auth", "model": "group"}}, {"model": "contenttypes.contenttype", "pk": 6, "fields": {"app_label": "contenttypes", "model": "contenttype"}}, {"model": "contenttypes.contenttype", "pk": 7, "fields": {"app_label": "sessions", "model": "session"}}, {"model": "contenttypes.contenttype", "pk": 8, "fields": {"app_label": "tasks", "model": "task"}}, {"model": "contenttypes.contenttype", "pk": 9, "fields": {"app_label": "labels", "model": "label"}}, {"model": "contenttypes.contenttype", "pk": 10, "fields": {"app_label": "projects", "model": "project"}}, {"model": "sessions.session", "pk": "0vozc44ai8qfvbvjvtufq8kk0xu5ycq8", "fields": {"session_data": ".eJxVjEEOwiAQRe_C2pCBFqEu3fcMzQwzlaqBpLQr492VpAvdvvf-f6kJ9y1Ne5V1WlhdlFGnX0YYH5Kb4DvmW9Gx5G1dSLdEH7bqsbA8r0f7d5Cwpu8aSMTMbCiSl144WoeWDUMDziMTuHj2NpINzncW2HnTS4AwzB0MqN4fG4w4eQ:1qIdAk:KKy8zMGv7DvXteQAi-6BOKYoRF7IrG01MrHXXv9iV50", "expire_date": "2023-07-23T22:46:30.111Z"}}, {"model": "sessions.session", "pk": "328xtw1h75tpdgijri7453li2txdoxkg", "fields": {"session_data": ".eJxVjEEOwiAQRe_C2hBgKAwu3fcMhIFRqoYmpV0Z765NutDtf-_9l4hpW2vcOi9xKuIstDj9bpTyg9sOyj212yzz3NZlIrkr8qBdjnPh5-Vw_w5q6vVbg3NcEjt1dRgA0WeLVpPxlPMQgtOWjHEKSkAkOxQwiQnBA2u2Cki8P8oFNyI:1qNhew:Uqn1kAbUmO1hlZ84GU9ClS7CEFXakQbJXpOV1znsHG4", "expire_date": "2023-08-06T22:34:38.147Z"}}, {"model": "sessions.session", "pk": "8slsorx4rzbg3ban9tlzwau4j5mqmrl5", "fields": {"session_data": ".eJxVjMsOwiAQRf-FtSEzpLxcuvcbCDCDVA0kpV0Z_12bdKHbe865LxHittawDV7CTOIsUJx-txTzg9sO6B7brcvc27rMSe6KPOiQ1078vBzu30GNo35rkxgws3WJKKoCWU0FcdI-GQdsSIOyxXlim0rkAoqggPPaIDqHPov3B_laOAc:1qLW46:nm8n5o6xw1ap0uKOKGz66BS3cdqdh8pp1JtWQuMlHvU", "expire_date": "2023-07-31T21:47:34.737Z"}}, {"model": "sessions.session", "pk": "a59dqxcgxfg554w90pcrqo7toydi2lq5", "fields": {"session_data": ".eJxVjMsOwiAQRf-FtSEzpLxcuvcbCDCDVA0kpV0Z_12bdKHbe865LxHittawDV7CTOIsUJx-txTzg9sO6B7brcvc27rMSe6KPOiQ1078vBzu30GNo35rkxgws3WJKKoCWU0FcdI-GQdsSIOyxXlim0rkAoqggPPaIDqHPov3B_laOAc:1qKyax:dD1k4tePUVHs4IyYFT4E_Wl41cvS4BfJCiQ_Kmo7nj0", "expire_date": "2023-07-30T10:03:15.476Z"}}, {"model": "sessions.session", "pk": "bv1h88gpp2cwbrmel47oza546uqroyqa", "fields": {"session_data": ".eJxVjEEOwiAQRe_C2hBgKAwu3fcMhIFRqoYmpV0Z765NutDtf-_9l4hpW2vcOi9xKuIstDj9bpTyg9sOyj212yzz3NZlIrkr8qBdjnPh5-Vw_w5q6vVbg3NcEjt1dRgA0WeLVpPxlPMQgtOWjHEKSkAkOxQwiQnBA2u2Cki8P8oFNyI:1qOnUG:U_7Cqo8NegD4Tm-YGMuZOzTUGjzxo8dvaN7cItZvBgo", "expire_date": "2023-08-09T23:00:08.667Z"}}, {"model": "sessions.session", "pk": "hv33xtaw51mq41z85aknrm78kynaq9dv", "fields": {"session_data": ".eJxVTssOgjAQ_JeeTQN1C9Sjd7-h2W53BSTUUDgZ_90SOehhksm8Mi_lcVt7v2Ve_BDVRdXq9KsFpAfPuxFHnO9JU5rXZQh6j-jDzfqWIk_XI_s30GPuS9taETKVoLjOkAUrTgg6F6IAs2u4bdkFqIHYiIVzBU3ADqg-F7SMZTTzxLRy9M8ljYV9_xr1_gA7wEFn:1qWOL3:R6ydH55IZzXInaWDNZgDJYsg4zLaOv9QbPK5ZrS9yQQ", "expire_date": "2023-08-30T21:46:01.166Z"}}, {"model": "sessions.session", "pk": "imsq83slypm1lp3pvwtqv2gyrmp2wlbs", "fields": {"session_data": ".eJxVjsEOgyAQRP-Fc0MURKDH3vsNZGF3q9aIET01_fdq6qG9TWZeXuYlAmxrF7ZCS-hRXEUtLr9dhPSk6RhwgOmRZcrTuvRRHog81yLvGWm8neyfoIPSHVoLXnGqDeuaqLHORKoUKEbEaD21GtDbRmP01jBX2puWXeNQMStydpcWGimthGFe8rCn718l3h8qGkFB:1qWjaR:KrlQnFRU7rkXq6rPJMiu1t_08wpKpmj9ZYGt79fWUc4", "expire_date": "2023-08-31T20:27:19.335Z"}}, {"model": "sessions.session", "pk": "m0mvxk503o5nkesbu0sa3vb8myp15ciy", "fields": {"session_data": ".eJxVjDsOwjAQBe_iGlmxvf5R0nMGa9decAA5UpxUiLuTSCmgfTPz3iLhutS0dp7TWMRZKHH63Qjzk9sOygPbfZJ5ass8ktwVedAur1Ph1-Vw_w4q9rrVmrRS2mAAjiEgRPI-Dy4W4xxFa3UGZwuDMYAZb4asBzAO2JHd7EF8vrw8Nuk:1qLsgl:i1mPvsOmAaWBfH1LiPYa3iSKKz5jGiqMu7SNIdbQxeM", "expire_date": "2023-08-01T21:56:59.332Z"}}, {"model": "sessions.session", "pk": "q6pqv1ad1lprze2nl5jr90xcgw58ae3l", "fields": {"session_data": ".eJxVjDsOwjAQBe_iGlmxvf5R0nMGa9decAA5UpxUiLuTSCmgfTPz3iLhutS0dp7TWMRZKHH63Qjzk9sOygPbfZJ5ass8ktwVedAur1Ph1-Vw_w4q9rrVmrRS2mAAjiEgRPI-Dy4W4xxFa3UGZwuDMYAZb4asBzAO2JHd7EF8vrw8Nuk:1qMZVu:1VcVEWiP2pL4O8MTl3yb3NwfeEi-GReKrziBzYxWJlI", "expire_date": "2023-08-03T19:40:38.371Z"}}, {"model": "sessions.session", "pk": "qbq7k66m7syky0z6mfuefbmfo2nwyroo", "fields": {"session_data": ".eJxVjEEOwiAQRe_C2hBgKAwu3fcMhIFRqoYmpV0Z765NutDtf-_9l4hpW2vcOi9xKuIstDj9bpTyg9sOyj212yzz3NZlIrkr8qBdjnPh5-Vw_w5q6vVbg3NcEjt1dRgA0WeLVpPxlPMQgtOWjHEKSkAkOxQwiQnBA2u2Cki8P8oFNyI:1qNcoQ:XtNM8ci7EgpTQx5-Yj0TBXHhUz9_XSrLbIisvG6lyA4", "expire_date": "2023-08-06T17:24:06.163Z"}}, {"model": "sessions.session", "pk": "u9ycups4nx7fs6sfbxg77a6p4iksd3bc", "fields": {"session_data": ".eJxVTssOgjAQ_JeeTQN1C9Sjd7-h2W53BSTUUDgZ_90SOehhksm8Mi_lcVt7v2Ve_BDVRdXq9KsFpAfPuxFHnO9JU5rXZQh6j-jDzfqWIk_XI_s30GPuS9taETKVoLjOkAUrTgg6F6IAs2u4bdkFqIHYiIVzBU3ADqg-F7SMZTTzxLRy9M8ljYV9_xr1_gA7wEFn:1qW1Ki:obvnriZJR09AhLNeYaxIo6Ld3CRjBu5xO_ETEWChGyc", "expire_date": "2023-08-29T21:12:08.737Z"}}, {"model": "sessions.session", "pk": "undelkvh4h64izh63ieckhpqkfxpfnd6", "fields": {"session_data": ".eJxVjMsOwiAQRf-FtSGMwAAu3fcbCMNDqgaS0q6M_65NutDtPefcF_NhW6vfRl78nNiFATv9bhTiI7cdpHtot85jb-syE98VftDBp57y83q4fwc1jPqtDRapQBWyAaWwYCUhIRpTwELSWmdQOZw1OZuBkigygksCrZbOGYzs_QHAmzb5:1qSHC7:K0kah3c_cveOIKGdOkNMGCt_rzn_wGY9TaM_VivhLMY", "expire_date": "2023-08-19T13:19:47.119Z"}}, {"model": "sessions.session", "pk": "w12g74ly2w66p0g4jvkfme9xooyaobep", "fields": {"session_data": ".eJxVTssOgjAQ_JeeTQN1C9Sjd7-h2W53BSTUUDgZ_90SOehhksm8Mi_lcVt7v2Ve_BDVRdXq9KsFpAfPuxFHnO9JU5rXZQh6j-jDzfqWIk_XI_s30GPuS9taETKVoLjOkAUrTgg6F6IAs2u4bdkFqIHYiIVzBU3ADqg-F7SMZTTzxLRy9M8ljYV9_xr1_gA7wEFn:1qVeOu:JQqnsKcoFAueMXvy0SucK_38iWG34JsAT-GYpA_McTY", "expire_date": "2023-08-28T20:42:56.006Z"}}, {"model": "sessions.session", "pk": "x420iielzzst6jjhp4srckcn0r3llxpl", "fields": {"session_data": ".eJxVjEEOwiAQRe_C2hBgKAwu3fcMhIFRqoYmpV0Z765NutDtf-_9l4hpW2vcOi9xKuIstDj9bpTyg9sOyj212yzz3NZlIrkr8qBdjnPh5-Vw_w5q6vVbg3NcEjt1dRgA0WeLVpPxlPMQgtOWjHEKSkAkOxQwiQnBA2u2Cki8P8oFNyI:1qNhdD:jxInlIubRcUbuiWrP319DMYIfTXjzbS7h-f_woo3sKc", "expire_date": "2023-08-06T22:32:51.209Z"}}, {"model": "sessions.session", "pk": "zxa0bds47bw7xbctuq6q1bv0a4wzrnz1", "fields": {"session_data": ".eJxVTssOgjAQ_JeeTQN1C9Sjd7-h2W53BSTUUDgZ_90SOehhksm8Mi_lcVt7v2Ve_BDVRdXq9KsFpAfPuxFHnO9JU5rXZQh6j-jDzfqWIk_XI_s30GPuS9taETKVoLjOkAUrTgg6F6IAs2u4bdkFqIHYiIVzBU3ADqg-F7SMZTTzxLRy9M8ljYV9_xr1_gA7wEFn:1qVf71:fidK5VEKnYkQ2mzZPAhjJWBJwSFRvgrO2ghES0HeCPw", "expire_date": "2023-08-28T21:28:31.420Z"}}, {"model": "statuses.status", "pk": 1, "fields": {"name": "новая", "created_at": "2023-07-08T09:59:51.559Z"}}, {"model": "statuses.status", "pk": 2, "fields": {"name": "в обработке", "created_at": "2023-07-08T09:59:58.077Z"}}, {"model": "statuses.status", "pk": 3, "fields": {"name": "отозвана", "created_at": "2023-07-08T10:00:07.547Z"}}, {"model": "statuses.status", "pk": 4, "fields": {"name": "завершена", "created_at": "2023-07-08T10:00:21.488Z"}}, {"model": "statuses.status", "pk": 6, "fields": {"name": "в ожидании", "created_at": "2023-07-08T12:41:07.409Z"}}, {"model": "statuses.status", "pk": 7, "fields": {"name": "отложена", "created_at": "2023-07-08T17:27:35.290Z"}}, {"model": "tasks.task", "pk": 2, "fields": {"project": 2, "name": "Роуты", "description": "Реализация роутов для задач", "status": 4, "author": 16, "executor": 1, "created_at": "2023-07-08T12:41:32.526Z", "labels": [22, 28, 42]}}, {"model": "tasks.task", "pk": 4, "fields": {"project": 2, "name": "Тесты для CRUD задач", "description": "Написание тестов для CRUD операций задач", "status": 4, "author": 16, "executor": 1, "created_at": "2023-07-08T12:41:32.693Z", "labels": [21, 28, 33]}}, {"model": "tasks.task", "pk": 6, "fields": {"project": 2, "name": "Flash-сообщения", "description": "Подключение flash-сообщений", "status": 4, "author": 1, "executor": 1, "created_at": "2023-07-08T12:41:32.847Z", "labels": [29, 43]}}, {"model": "tasks.task", "pk": 7, "fields": {"project": 2, "name": "Ссылка на список задач", "description": "Добавление в основное меню ссылки на список задач", "status": 4, "author": 1, "executor": 1, "created_at": "2023-07-08T12:41:32.925Z", "labels": [23]}}, {"model": "tasks.task", "pk": 8, "fields": {"project": 2, "name": "Доступ к задачам", "description": "Ограничение доступа к задачам для незалогиненных пользователей", "status": 4, "author": 16, "executor": 1, "created_at": "2023-07-08T12:41:33.014Z", "labels": [3, 22, 34, 45]}}, {"model": "tasks.task", "pk": 9, "fields": {"project": 2, "name": "Удаление задач", "description": "Разрешение удаления задач только их создателю", "status": 4, "author": 1, "executor": 1, "created_at": "2023-07-08T12:41:33.938Z", "labels": [3]}}, {"model": "tasks.task", "pk": 14, "fields": {"project": 2, "name": "Тесты для CRUD статусов", "description": "Добавить тест на удаление статуса привязанного к задаче", "status": 4, "author": 16, "executor": 1, "created_at": "2023-07-09T11:10:20.352Z", "labels": [1, 21, 22, 26, 28, 33]}}, {"model": "tasks.task", "pk": 15, "fields": {"project": 2, "name": "Тесты для CRUD меток", "description": "Написание тестов для CRUD операций меток", "status": 4, "author": 1, "executor": 1, "created_at": "2023-07-09T17:12:02.413Z", "labels": [21, 22, 28, 33]}}, {"model": "tasks.task", "pk": 17, "fields": {"project": 2, "name": "Исправить футер", "description": "Исправить футер так чтобы он не загораживал списки", "status": 4, "author": 1, "executor": 16, "created_at": "2023-07-09T17:14:14.491Z", "labels": [1, 23, 24, 29, 31]}}, {"model": "tasks.task", "pk": 18, "fields": {"project": 2, "name": "Фильтры задач", "description": "Доработать фильтр по меткам. Сделать чтобы в полях отображались плейсхолдеры и чтобы в полях сохранялись значения", "status": 4, "author": 1, "executor": 1, "created_at": "2023-07-09T17:15:21.903Z", "labels": [22, 23, 28]}}, {"model": "tasks.task", "pk": 19, "fields": {"project": 2, "name": "Задеплоить проект", "description": "Задеплоить проект на Railway, разобраться с отображением картинок в проде, провести миграции", "status": 4, "author": 1, "executor": 16, "created_at": "2023-07-09T17:17:25.321Z", "labels": [39, 40, 47]}}, {"model": "tasks.task", "pk": 20, "fields": {"project": 2, "name": "Подключить Rollbar", "description": "Подключите Rollbar к приложению в коде, как обработчик ошибок и задеплойте. Проверьте, что ошибки доходят до сервиса", "status": 4, "author": 1, "executor": 16, "created_at": "2023-07-09T17:24:01.854Z", "labels": [3, 26, 29]}}, {"model": "tasks.task", "pk": 21, "fields": {"project": 2, "name": "Адаптировать дизайн под мобильные устройства", "description": "Адаптировать дизайн под мобильные устройства", "status": 4, "author": 1, "executor": 1, "created_at": "2023-07-09T17:25:55.482Z", "labels": [23, 29, 31, 32]}}, {"model": "tasks.task", "pk": 22, "fields": {"project": 2, "name": "Подключить бейджики CodeClimate", "description": "Подключить бейджики CodeClimate", "status": 4, "author": 1, "executor": 1, "created_at": "2023-07-09T17:31:49.509Z", "labels": [29, 39]}}, {"model": "tasks.task", "pk": 23, "fields": {"project": 2, "name": "Доработать фильтр в метках", "description": "Не работает галочка \"не используемые\", сделать поиск по фрагменту текста", "status": 4, "author": 1, "executor": 1, "created_at": "2023-07-09T19:02:40.242Z", "labels": [3, 22, 29, 31]}}, {"model": "tasks.task", "pk": 24, "fields": {"project": 2, "name": "Подключить Github Action", "description": "Подключить Github Action", "status": 4, "author": 1, "executor": 16, "created_at": "2023-07-09T19:12:34.089Z", "labels": [29, 39]}}, {"model": "tasks.task", "pk": 25, "fields": {"project": 2, "name": "Исправление ошибок линтера", "description": "Исправить максимально возможную длину строки в настройках, но и лишнее тоже попереносить", "status": 4, "author": 16, "executor": 1, "created_at": "2023-07-09T19:23:37.031Z", "labels": [3, 29, 41]}}, {"model": "tasks.task", "pk": 26, "fields": {"project": 2, "name": "Доделать переводы", "description": "Доделать переводы, адаптировать *.py файлы под i18n", "status": 4, "author": 1, "executor": 1, "created_at": "2023-07-09T19:25:08.797Z", "labels": [22, 23, 31, 47]}}, {"model": "tasks.task", "pk": 27, "fields": {"project": 2, "name": "Доделать главную", "description": "Сделать и залить скриншоты, подправить тексты", "status": 4, "author": 16, "executor": 1, "created_at": "2023-07-09T19:26:49.882Z", "labels": [23, 29, 31]}}, {"model": "tasks.task", "pk": 28, "fields": {"project": 2, "name": "Заменить кнопки \"изменить/удалить\" на иконки", "description": "Заменить кнопки \"изменить/удалить\" на иконки", "status": 4, "author": 1, "executor": 16, "created_at": "2023-07-09T21:35:33.257Z", "labels": [23, 29, 31]}}, {"model": "tasks.task", "pk": 29, "fields": {"project": 2, "name": "Сделать правильный вывод даты создания", "description": "Сделать вывод даты создания как в эталоне", "status": 4, "author": 1, "executor": 16, "created_at": "2023-07-09T22:16:42.175Z", "labels": [22, 23, 29, 31]}}, {"model": "tasks.task", "pk": 30, "fields": {"project": 2, "name": "Исправить границу в пользователях", "description": "Разобраться почему граница у таблицы не прорисована до конца", "status": 4, "author": 16, "executor": 1, "created_at": "2023-07-09T22:44:10.300Z", "labels": [1, 23, 24, 29, 31]}}, {"model": "tasks.task", "pk": 31, "fields": {"project": 2, "name": "Сделать нормальные ширины столбцов в таблицах", "description": "Сделать нормальные ширины столбцов в таблицах", "status": 4, "author": 1, "executor": 1, "created_at": "2023-07-17T18:35:30.858Z", "labels": [23, 29, 31]}}, {"model": "tasks.task", "pk": 35, "fields": {"project": 2, "name": "Доделать фильтр задач", "description": "имена полей должны быть как в эталонном проекте", "status": 4, "author": 1, "executor": 1, "created_at": "2023-07-18T22:55:18.327Z", "labels": [23, 28, 41]}}, {"model": "tasks.task", "pk": 36, "fields": {"project": 2, "name": "баг: изменение пользователя", "description": "пофиксить изменение пользователя незалогиненым пользователем", "status": 4, "author": 1, "executor": 16, "created_at": "2023-07-21T15:22:54.885Z", "labels": [1, 22, 28, 34, 45]}}, {"model": "tasks.task", "pk": 41, "fields": {"project": 3, "name": "Сделать новые описания проектов", "description": "Сделать отредактированные описания проектов", "status": 4, "author": 1, "executor": 1, "created_at": "2023-08-14T20:15:22.627Z", "labels": [41, 52]}}, {"model": "tasks.task", "pk": 42, "fields": {"project": 2, "name": "Добавить приоритеты", "description": "Добавить сущность приоритеты и полный CRUD", "status": 1, "author": 1, "executor": 1, "created_at": "2023-08-14T20:19:27.717Z", "labels": [3, 22, 26, 29, 47]}}, {"model": "tasks.task", "pk": 43, "fields": {"project": 2, "name": "Включить отображение дашборда", "description": "Включить отображение дашборда на главной для залогиненных пользователей", "status": 4, "author": 1, "executor": 1, "created_at": "2023-08-14T20:24:03.201Z", "labels": [3, 22, 29, 31]}}, {"model": "tasks.task", "pk": 44, "fields": {"project": 9, "name": "Заняться issue для сортировки", "description": "Заняться issue для сортировки", "status": 1, "author": 1, "executor": 1, "created_at": "2023-08-14T20:25:11.318Z", "labels": [22, 26, 28]}}, {"model": "tasks.task", "pk": 45, "fields": {"project": 2, "name": "Сделать сортировку в дашборде", "description": "сортировать проекты по кол-ву открытых задач", "status": 1, "author": 1, "executor": 1, "created_at": "2023-08-14T20:26:53.145Z", "labels": [3, 22, 29, 31]}}, {"model": "tasks.task", "pk": 46, "fields": {"project": 4, "name": "Расширить анализ страниц", "description": "Расширить анализ страниц  на SEO пригодность", "status": 1, "author": 1, "executor": 1, "created_at": "2023-08-14T20:28:54.291Z", "labels": [3]}}, {"model": "tasks.task", "pk": 47, "fields": {"project": 3, "name": "Разобраться с more/less", "description": "не у всех проектов появляется more...", "status": 1, "author": 1, "executor": 1, "created_at": "2023-08-14T21:10:30.091Z", "labels": [1, 23, 24, 47]}}, {"model": "tasks.task", "pk": 48, "fields": {"project": 3, "name": "Добавить экспорт в PDF", "description": "Добавить экспорт резюме в PDF", "status": 1, "author": 1, "executor": 1, "created_at": "2023-08-14T21:11:42.848Z", "labels": [3, 22, 29]}}, {"model": "tasks.task", "pk": 49, "fields": {"project": 2, "name": "Сделать фильтр по задачам как в Hexlet Friends", "description": "отобразить под формой фильтра просто все метки (серыми). Когда пользователь нажимает на метку, метка меняет цвет, и по ней отрабатывает фильтр", "status": 4, "author": 1, "executor": 1, "created_at": "2023-08-15T21:12:05.325Z", "labels": [3, 22, 29]}}, {"model": "tasks.task", "pk": 50, "fields": {"project": 5, "name": "Переделать под SPA", "description": "Переделать по Single Page Architecture\r\nFlask рендерит страницу\r\nА дальше все работает через JS и API", "status": 1, "author": 1, "executor": 1, "created_at": "2023-08-16T21:35:55.762Z", "labels": [3, 22, 23, 29]}}, {"model": "tasks.task", "pk": 51, "fields": {"project": 6, "name": "Переделать под SPA", "description": "Переделать по single page architecture + API", "status": 1, "author": 1, "executor": 1, "created_at": "2023-08-16T21:36:56.816Z", "labels": [22, 23, 29]}}, {"model": "tasks.task", "pk": 52, "fields": {"project": 2, "name": "Сделать выбор меток через пиллсы при создании задач", "description": "Сделать выбор меток через пиллсы при создании задач", "status": 1, "author": 1, "executor": 1, "created_at": "2023-08-16T21:38:16.620Z", "labels": [3, 23, 29]}}, {"model": "labels.label", "pk": 1, "fields": {"name": "bug", "created_at": "2023-07-08T19:37:54.716Z"}}, {"model": "labels.label", "pk": 3, "fields": {"name": "improvement", "created_at": "2023-07-08T19:37:54.859Z"}}, {"model": "labels.label", "pk": 21, "fields": {"name": "тестирование", "created_at": "2023-07-08T22:13:10.362Z"}}, {"model": "labels.label", "pk": 22, "fields": {"name": "Backend", "created_at": "2023-07-08T22:25:23.727Z"}}, {"model": "labels.label", "pk": 23, "fields": {"name": "Frontend", "created_at": "2023-07-08T22:25:23.850Z"}}, {"model": "labels.label", "pk": 24, "fields": {"name": "Bugfix", "created_at": "2023-07-08T22:25:23.940Z"}}, {"model": "labels.label", "pk": 26, "fields": {"name": "Improvement", "created_at": "2023-07-08T22:25:24.094Z"}}, {"model": "labels.label", "pk": 28, "fields": {"name": "High Priority", "created_at": "2023-07-08T22:25:24.260Z"}}, {"model": "labels.label", "pk": 29, "fields": {"name": "Low Priority", "created_at": "2023-07-08T22:25:24.338Z"}}, {"model": "labels.label", "pk": 31, "fields": {"name": "Design", "created_at": "2023-07-08T22:25:24.493Z"}}, {"model": "labels.label", "pk": 32, "fields": {"name": "Refactoring", "created_at": "2023-07-08T22:25:24.570Z"}}, {"model": "labels.label", "pk": 33, "fields": {"name": "Testing", "created_at": "2023-07-08T22:25:24.648Z"}}, {"model": "labels.label", "pk": 34, "fields": {"name": "Security", "created_at": "2023-07-08T22:25:24.725Z"}}, {"model": "labels.label", "pk": 39, "fields": {"name": "DevOps", "created_at": "2023-07-08T22:25:25.101Z"}}, {"model": "labels.label", "pk": 40, "fields": {"name": "Deployment", "created_at": "2023-07-08T22:25:25.168Z"}}, {"model": "labels.label", "pk": 41, "fields": {"name": "Review", "created_at": "2023-07-08T22:25:25.234Z"}}, {"model": "labels.label", "pk": 42, "fields": {"name": "Routing", "created_at": "2023-07-08T22:28:58.691Z"}}, {"model": "labels.label", "pk": 43, "fields": {"name": "Flash Messages", "created_at": "2023-07-08T22:28:58.777Z"}}, {"model": "labels.label", "pk": 45, "fields": {"name": "Access", "created_at": "2023-07-08T22:28:58.944Z"}}, {"model": "labels.label", "pk": 47, "fields": {"name": "middle priority", "created_at": "2023-07-09T17:15:38.224Z"}}, {"model": "labels.label", "pk": 52, "fields": {"name": "Copyright", "created_at": "2023-08-14T20:15:48.488Z"}}, {"model": "projects.project", "pk": 2, "fields": {"name": "Task Manager", "created_at": "2023-08-13T23:31:14.681Z", "created_by": 1}}, {"model": "projects.project", "pk": 3, "fields": {"name": "My site", "created_at": "2023-08-13T23:36:03.307Z", "created_by": 1}}, {"model": "projects.project", "pk": 4, "fields": {"name": "SEO Pro", "created_at": "2023-08-14T20:18:13.956Z", "created_by": 1}}, {"model": "projects.project", "pk": 5, "fields": {"name": "Difference Analyzer", "created_at": "2023-08-14T20:18:33.169Z", "created_by": 1}}, {"model": "projects.project", "pk": 6, "fields": {"name": "Brain Games", "created_at": "2023-08-14T20:20:46.470Z", "created_by": 1}}, {"model": "projects.project", "pk": 7, "fields": {"name": "Lotto Simulator", "created_at": "2023-08-14T20:21:00.262Z", "created_by": 1}}, {"model": "projects.project", "pk": 8, "fields": {"name": "ChatGPT-Support", "created_at": "2023-08-14T20:21:08.286Z", "created_by": 1}}, {"model": "projects.project", "pk": 9, "fields": {"name": "Hexlet Friends", "created_at": "2023-08-14T20:21:18.470Z", "created_by": 1}}, {"model": "projects.project", "pk": 10, "fields": {"name": "SUDOKU SOLVER", "created_at": "2023-08-14T20:21:27.780Z", "created_by": 1}}, {"model": "projects.project", "pk": 11, "fields": {"name": "SparenPlus", "created_at": "2023-08-14T20:21:43.092Z", "created_by": 1}}, {"model": "projects.project", "pk": 12, "fields": {"name": "Games", "created_at": "2023-08-14T20:21:48.322Z", "created_by": 1}}, {"model": "projects.project", "pk": 13, "fields": {"name": "SWEASY", "created_at": "2023-08-14T20:21:53.019Z", "created_by": 1}}]